study_hours,attendance,group_discussion,previous_test_score,final_exam_pass
14.0,82.3,Yes,70,Pass
11.4,84.7,Yes,59,Pass
14.6,91.0,Yes,58,Pass
18.1,90.6,No,59,Fail
11.1,61.5,No,71,Fail
11.1,66.7,No,59,Pass
18.3,84.2,No,69,Pass
15.1,84.2,No,96,Pass
10.1,84.2,No,78,Fail
14.2,100.0,No,60,Pass
10.1,84.9,No,83,Pass
10.1,91.6,Yes,59,Pass
13.0,89.4,Yes,34,Pass
4.3,85.8,Yes,50,Fail
5.1,74.2,No,37,Fail
9.8,87.1,No,60,Pass
7.9,68.7,Yes,65,Fail
13.3,75.2,No,90,Pass
8.4,72.2,No,70,Fail
6.4,79.0,Yes,62,Pass
17.9,100.0,Yes,77,Pass
11.1,55.6,No,32,Fail
12.3,86.2,Yes,69,Fail
6.3,58.6,No,77,Fail
9.8,72.3,Yes,43,Pass
12.4,91.1,No,82,Pass
7.4,78.8,No,70,Fail
13.5,65.1,No,59,Pass
9.6,69.4,No,74,Fail
10.8,86.2,Yes,99,Pass
9.6,69.2,Yes,68,Fail
19.4,80.6,Yes,69,Pass
11.9,78.5,No,58,Pass
7.8,70.2,No,52,Fail
15.3,100.0,No,77,Fail
7.1,85.6,Yes,52,Fail
12.8,53.7,Yes,66,Fail
4.2,80.2,Yes,58,Fail
6.7,70.1,Yes,72,Fail
12.8,88.2,No,70,Fail
15.0,68.5,Yes,81,Pass
12.7,76.6,Yes,57,Pass
11.5,84.1,No,61,Pass
10.8,88.4,Yes,50,Fail
6.1,63.6,Yes,58,Fail
9.1,74.0,No,71,Pass
10.2,72.3,Yes,76,Fail
16.2,70.2,No,51,Fail
13.4,99.2,No,78,Pass
4.9,82.9,No,85,Fail
13.3,62.9,Yes,71,Fail
10.5,89.0,No,93,Pass
9.3,100.0,Yes,53,Fail
14.4,90.4,Yes,46,Pass
16.1,59.8,Yes,38,Fail
15.7,72.2,No,87,Fail
8.6,93.2,Yes,75,Fail
10.8,69.5,Yes,64,Pass
13.3,83.3,No,69,Fail
15.9,87.3,Yes,48,Fail
10.1,66.9,Yes,100,Pass
11.3,77.3,Yes,67,Fail
7.6,40.0,Yes,67,Pass
7.2,65.7,Yes,76,Fail
15.3,75.0,Yes,72,Pass
17.4,63.0,No,68,Pass
11.7,97.6,Yes,53,Pass
16.0,60.8,Yes,72,Fail
13.4,72.7,No,93,Pass
9.4,79.6,Yes,85,Fail
13.4,95.3,No,89,Pass
18.2,60.8,Yes,57,Pass
11.9,92.0,Yes,50,Pass
18.3,78.1,Yes,63,Fail
2.0,66.2,Yes,66,Fail
15.3,83.5,Yes,81,Pass
12.3,80.4,Yes,40,Fail
10.8,70.8,Yes,88,Pass
12.4,78.8,Yes,63,Pass
4.0,73.4,Yes,59,Pass
11.1,79.4,Yes,50,Fail
13.4,85.9,Yes,40,Pass
17.9,97.0,Yes,77,Pass
9.9,63.1,No,66,Fail
8.8,100.0,Yes,46,Fail
10.0,54.6,No,46,Fail
15.7,76.2,No,60,Fail
13.3,85.1,Yes,90,Pass
9.9,81.4,No,61,Fail
14.1,70.5,No,42,Fail
12.4,75.5,Yes,61,Pass
15.9,72.1,Yes,61,Fail
9.2,70.9,No,25,Fail
10.7,88.2,No,64,Fail
10.4,82.3,Yes,62,Fail
6.1,69.7,Yes,75,Pass
13.2,88.8,Yes,93,Pass
13.0,81.7,Yes,82,Pass
12.0,87.8,No,61,Pass
11.1,85.6,Yes,48,Pass
6.3,68.1,Yes,100,Pass
10.3,71.3,No,66,Pass
10.6,87.0,Yes,65,Pass
8.8,85.3,Yes,65,Pass
11.4,77.7,No,68,Pass
13.6,79.4,No,63,Pass
19.5,93.3,Yes,56,Fail
12.7,70.9,Yes,57,Pass
13.0,84.6,Yes,65,Pass
11.7,75.6,Yes,57,Fail
4.3,75.4,Yes,54,Pass
11.9,91.2,Yes,67,Fail
12.2,87.9,Yes,61,Fail
21.9,87.8,Yes,88,Pass
11.2,93.7,Yes,25,Fail
13.2,78.3,Yes,81,Fail
11.9,86.2,Yes,84,Fail
7.3,74.3,Yes,34,Fail
16.6,81.9,Yes,60,Pass
15.0,76.4,No,59,Pass
15.2,79.2,No,44,Fail
8.4,85.1,No,53,Pass
17.6,68.2,No,48,Fail
6.4,100.0,Yes,91,Pass
14.3,65.9,Yes,79,Pass
20.8,63.4,Yes,84,Pass
8.0,91.9,No,76,Pass
9.7,87.5,No,48,Pass
12.4,85.5,Yes,57,Pass
10.0,85.5,Yes,72,Pass
5.8,77.9,Yes,47,Fail
12.3,67.2,Yes,76,Pass
7.8,78.9,No,61,Pass
13.9,69.9,No,59,Fail
8.3,89.7,Yes,76,Fail
18.2,76.2,No,72,Fail
8.9,68.1,No,60,Fail
10.7,74.1,Yes,82,Pass
15.3,83.0,Yes,49,Pass
7.1,71.2,Yes,74,Fail
12.9,68.1,Yes,74,Fail
17.2,80.9,Yes,60,Pass
5.6,80.9,Yes,70,Fail
12.7,71.9,Yes,46,Pass
13.0,72.3,Yes,79,Pass
15.1,80.8,No,62,Fail
7.1,60.6,Yes,57,Fail
6.7,61.1,Yes,81,Fail
14.1,69.4,Yes,54,Pass
13.2,75.4,No,44,Fail
13.0,81.7,Yes,42,Pass
13.4,95.7,Yes,74,Pass
9.3,88.3,No,46,Fail
12.9,76.1,No,91,Fail
13.2,77.8,No,34,Fail
9.1,66.0,Yes,90,Fail
19.5,77.8,Yes,68,Pass
13.9,74.5,No,64,Fail
7.2,81.9,No,57,Pass
14.6,68.1,No,71,Pass
8.1,84.2,No,64,Fail
15.1,96.4,Yes,82,Pass
16.6,76.7,No,67,Fail
8.7,82.8,Yes,67,Pass
15.9,86.3,Yes,60,Pass
13.7,73.2,Yes,64,Pass
15.3,80.7,Yes,70,Pass
19.6,78.2,Yes,39,Pass
11.0,79.2,Yes,45,Fail
9.0,68.7,No,76,Fail
8.4,78.3,Yes,68,Pass
8.7,84.0,No,62,Fail
11.7,95.4,Yes,65,Fail
13.4,89.5,Yes,70,Pass
13.1,100.0,Yes,57,Pass
15.3,68.8,Yes,53,Fail
12.1,88.5,Yes,68,Pass
17.8,80.2,Yes,50,Fail
10.9,100.0,Yes,71,Fail
22.9,68.3,No,39,Fail
14.5,67.9,Yes,80,Fail
8.6,70.8,No,72,Fail
7.7,52.5,Yes,69,Fail
13.9,71.7,No,80,Fail
11.1,68.9,No,90,Fail
14.9,79.8,No,80,Fail
13.9,82.1,Yes,37,Fail
11.7,100.0,Yes,46,Fail
8.6,89.4,Yes,56,Pass
5.9,71.1,No,65,Fail
10.2,67.2,No,73,Fail
15.4,83.9,No,54,Pass
12.9,62.2,Yes,68,Fail
7.0,100.0,No,54,Pass
12.7,92.2,No,56,Pass
13.5,72.4,Yes,44,Fail
8.5,57.4,Yes,51,Pass
12.6,94.2,No,45,Fail
12.2,76.6,No,50,Fail
7.4,92.9,No,81,Pass
